,location,province,national,complete_loc,latitude,longitude,pop
0,Burnaby,BC,,"Burnaby, BC, Canada",49.2433804,-122.9725459,
1,Windsor,ON,,"Windsor, ON, Canada",42.317099,-83.0353434,281545
2,Ottawa,ON,,"Ottawa, ON, Canada",45.421106,-75.690308,885542
3,Calgary,AB,,"Calgary, AB, Canada",51.0534234,-114.0625892,991432
4,Tignish,PE,,"Tignish, PE, Canada",46.9189808,-64.039147,
5,,NB,,"nan, NB, Canada",46.500283,-66.750183,
6,Toronto,ON,,"Toronto, ON, Canada",43.6534817,-79.3839347,4670783
7,,NS,,"nan, NS, Canada",45.1960403,-63.1653789,
8,Toronto,ON,,"Toronto, ON, Canada",43.6534817,-79.3839347,4670783
9,Ottawa,ON,,"Ottawa, ON, Canada",45.421106,-75.690308,885542
10,Fredericton,NB,,"Fredericton, NB, Canada",45.966425,-66.645813,51916
11,Ottawa,ON,,"Ottawa, ON, Canada",45.421106,-75.690308,885542
12,Calgary,AB,,"Calgary, AB, Canada",51.0534234,-114.0625892,991432
13,,SK,,"nan, SK, Canada",61.0666922,-107.9917071,
14,Montreal,QC,,"Montreal, QC, Canada",45.4972159,-73.6103642,3280123
15,Timmins,BC,,"Timmins, BC, Canada",48.477473,-81.330414,
16,Regina,SK,,"Regina, SK, Canada",50.44876,-104.61731,175727
17,Ajax ,ON,,"Ajax , ON, Canada",43.850374,-79.024658,
18,Toronto,ON,,"Toronto, ON, Canada",43.6534817,-79.3839347,4670783
19,,SK,,"nan, SK, Canada",61.0666922,-107.9917071,
20,Montreal,QC,,"Montreal, QC, Canada",45.4972159,-73.6103642,3280123
21,,,TRUE,"nan, nan, Canada",61.0666922,-107.9917071,
22,,NB,,"nan, NB, Canada",46.500283,-66.750183,
23,Ottawa,ON,,"Ottawa, ON, Canada",45.421106,-75.690308,885542
24,Labrador,NL,,"Labrador, NL, Canada",55.9266344,-61.88499184,
25,Ottawa,ON,,"Ottawa, ON, Canada",45.421106,-75.690308,885542
26,Fort Mcmurray,AB,,"Fort Mcmurray, AB, Canada",56.7291997,-111.3885221,
27,Halifax,NS,,"Halifax, NS, Canada",44.648618,-63.5859487,263547
28,Montreal,QC,,"Montreal, QC, Canada",45.4972159,-73.6103642,3280123
29,Toronto,ON,,"Toronto, ON, Canada",43.6534817,-79.3839347,4670783
30,Ottawa,ON,,"Ottawa, ON, Canada",45.421106,-75.690308,885542
31,Winnipeg,MB,,"Winnipeg, MB, Canada",49.8955367,-97.1384584,632857
32,Toronto,ON,,"Toronto, ON, Canada",43.6534817,-79.3839347,4670783
33,Thunder Bay,ON,,"Thunder Bay, ON, Canada",48.406414,-89.259796,98237
34,Thunder Bay,ON,,"Thunder Bay, ON, Canada",48.406414,-89.259796,98237
35,Toronto,ON,,"Toronto, ON, Canada",43.6534817,-79.3839347,4670783
36,,BC,,"nan, BC, Canada",55.001251,-125.002441,
37,,NS,,"nan, NS, Canada",45.1960403,-63.1653789,
38,Ottawa,ON,,"Ottawa, ON, Canada",45.421106,-75.690308,885542
39,Ottawa,ON,,"Ottawa, ON, Canada",45.421106,-75.690308,885542
40,,NS,,"nan, NS, Canada",45.1960403,-63.1653789,
41,Thunder Bay,ON,,"Thunder Bay, ON, Canada",48.406414,-89.259796,98237
42,Kelowna,BC,,"Kelowna, BC, Canada",49.889326,-119.498291,129691
43,Kamloops,BC,,"Kamloops, BC, Canada",50.6758269,-120.3394159,68879
44,Toronto,ON,,"Toronto, ON, Canada",43.6534817,-79.3839347,4670783
45,Winnipeg,MB,,"Winnipeg, MB, Canada",49.8955367,-97.1384584,632857
46,Toronto,ON,,"Toronto, ON, Canada",43.6534817,-79.3839347,4670783
47,Ottawa,ON,,"Ottawa, ON, Canada",45.421106,-75.690308,885542
48,Vaughan,ON,,"Vaughan, ON, Canada",43.7941544,-79.5268023,
49,,PE,,"nan, PE, Canada",46.3355508,-63.1466676,
50,Regina,SK,,"Regina, SK, Canada",50.44876,-104.61731,175727
51,Ottawa,ON,,"Ottawa, ON, Canada",45.421106,-75.690308,885542
52,Ottawa,ON,,"Ottawa, ON, Canada",45.421106,-75.690308,885542
53,Halifax,NS,,"Halifax, NS, Canada",44.648618,-63.5859487,263547
54,Gatineau,QC,,"Gatineau, QC, Canada",45.4283596,-75.7106204,
55,Ottawa,ON,,"Ottawa, ON, Canada",45.421106,-75.690308,885542
56,,YT,,"nan, YT, Canada",63.000147,-136.002502,
57,Mississauga,ON,,"Mississauga, ON, Canada",43.590338,-79.645729,
58,Halifax,NS,,"Halifax, NS, Canada",44.648618,-63.5859487,263547
59,Edmonton,AB,,"Edmonton, AB, Canada",53.535411,-113.507996,831979
60,Thunder Bay,ON,,"Thunder Bay, ON, Canada",48.406414,-89.259796,98237
61,,ON,,"nan, ON, Canada",50.000678,-86.000977,
62,Toronto,ON,,"Toronto, ON, Canada",43.6534817,-79.3839347,4670783
63,Owen Sound,ON,,"Owen Sound, ON, Canada",44.5668092,-80.9441252,22717
64,Calgary,AB,,"Calgary, AB, Canada",51.0534234,-114.0625892,991432
65,Ottawa,ON,,"Ottawa, ON, Canada",45.421106,-75.690308,885542
66,Halifax,NS,,"Halifax, NS, Canada",44.648618,-63.5859487,263547
67,Windsor,ON,,"Windsor, ON, Canada",42.317099,-83.0353434,281545
68,Winnipeg,MB,,"Winnipeg, MB, Canada",49.8955367,-97.1384584,632857
69,Winnipeg,MB,,"Winnipeg, MB, Canada",49.8955367,-97.1384584,632857
70,Halifax,NS,,"Halifax, NS, Canada",44.648618,-63.5859487,263547
71,Edmonton,AB,,"Edmonton, AB, Canada",53.535411,-113.507996,831979
72,Ottawa,ON,,"Ottawa, ON, Canada",45.421106,-75.690308,885542
73,Calgary,AB,,"Calgary, AB, Canada",51.0534234,-114.0625892,991432
74,Montreal,QC,,"Montreal, QC, Canada",45.4972159,-73.6103642,3280123
75,Ottawa,ON,,"Ottawa, ON, Canada",45.421106,-75.690308,885542
76,Halifax,NS,,"Halifax, NS, Canada",44.648618,-63.5859487,263547
77,Ottawa,ON,,"Ottawa, ON, Canada",45.421106,-75.690308,885542
78,Ottawa,ON,,"Ottawa, ON, Canada",45.421106,-75.690308,885542
79,Saskatoon,SK,,"Saskatoon, SK, Canada",52.131802,-106.660767,199523
80,Ottawa,ON,,"Ottawa, ON, Canada",45.421106,-75.690308,885542
81,,NS,,"nan, NS, Canada",45.1960403,-63.1653789,
82,Montreal,QC,,"Montreal, QC, Canada",45.4972159,-73.6103642,3280123
83,Montreal,QC,,"Montreal, QC, Canada",45.4972159,-73.6103642,3280123
84,,ON,,"nan, ON, Canada",50.000678,-86.000977,
85,Lethbridge,AB,,"Lethbridge, AB, Canada",49.694285,-112.851562,71390
86,Ottawa,ON,,"Ottawa, ON, Canada",45.421106,-75.690308,885542
87,Lacolle,QC,,"Lacolle, QC, Canada",45.0796837,-73.3736934,1533
88,Winnipeg,MB,,"Winnipeg, MB, Canada",49.8955367,-97.1384584,632857
89,Montreal,QC,,"Montreal, QC, Canada",45.4972159,-73.6103642,3280123
90,Ottawa,ON,,"Ottawa, ON, Canada",45.421106,-75.690308,885542
91,Toronto,ON,,"Toronto, ON, Canada",43.6534817,-79.3839347,4670783
92,Enderby,BC,,"Enderby, BC, Canada",50.5504793,-119.1397789,2833
93,Montreal,QC,,"Montreal, QC, Canada",45.4972159,-73.6103642,3280123
94,Toronto,ON,,"Toronto, ON, Canada",43.6534817,-79.3839347,4670783
95,Toronto,ON,,"Toronto, ON, Canada",43.6534817,-79.3839347,4670783
96,Montreal,QC,,"Montreal, QC, Canada",45.4972159,-73.6103642,3280123
97,Toronto,ON,,"Toronto, ON, Canada",43.6534817,-79.3839347,4670783
98,Saskatoon,SK,,"Saskatoon, SK, Canada",52.131802,-106.660767,199523
99,Halifax,NS,,"Halifax, NS, Canada",44.648618,-63.5859487,263547
100,Ottawa,ON,,"Ottawa, ON, Canada",45.421106,-75.690308,885542
101,Bridge River Lillooet,BC,,"Bridge River Lillooet, BC, Canada",50.851322,-122.8468535,
102,Calgary,AB,,"Calgary, AB, Canada",51.0534234,-114.0625892,991432
103,Ottawa,ON,,"Ottawa, ON, Canada",45.421106,-75.690308,885542
104,Peel,ON,,"Peel, ON, Canada",43.745865,-79.7962296,
105,St. John'S,NL,,"St. John'S, NL, Canada",47.561701,-52.715149,
106,Fredericton,NB,,"Fredericton, NB, Canada",45.966425,-66.645813,51916
107,,QC,,"nan, QC, Canada",52.4760892,-71.8258668,
108,Edson,AB,,"Edson, AB, Canada",53.5858662,-116.4428477,8069
109,Kamloops,BC,,"Kamloops, BC, Canada",50.6758269,-120.3394159,68879
110,Montreal,QC,,"Montreal, QC, Canada",45.4972159,-73.6103642,3280123
111,Montreal,QC,,"Montreal, QC, Canada",45.4972159,-73.6103642,3280123
112,Vancouver,BC,,"Vancouver, BC, Canada",49.2608724,-123.1139529,1839314
113,Red Deer,AB,,"Red Deer, AB, Canada",52.269838,-113.818359,75099
114,Vancouver,BC,,"Vancouver, BC, Canada",49.2608724,-123.1139529,1839314
115,Toronto,ON,,"Toronto, ON, Canada",43.6534817,-79.3839347,4670783
116,Abbotsford,BC,,"Abbotsford, BC, Canada",49.0521162,-122.3294792,157795
117,Montreal,QC,,"Montreal, QC, Canada",45.4972159,-73.6103642,3280123
118,Sudbury,ON,,"Sudbury, ON, Canada",46.49272,-80.991211,111118
119,Surrey,BC,,"Surrey, BC, Canada",49.1913033,-122.8491439,
120,Mississauga,ON,,"Mississauga, ON, Canada",43.590338,-79.645729,
121,London,ON,,"London, ON, Canada",42.9836747,-81.2496068,348681
122,,ON,,"nan, ON, Canada",50.000678,-86.000977,
123,Ottawa,ON,,"Ottawa, ON, Canada",45.421106,-75.690308,885542
124,Calgary,AB,,"Calgary, AB, Canada",51.0534234,-114.0625892,991432
125,Medicine Hat,AB,,"Medicine Hat, AB, Canada",50.04303,-110.679016,65113
126,Charlottetown,PE,,"Charlottetown, PE, Canada",46.2906776,-63.12947829,43540
127,Thunder Bay,ON,,"Thunder Bay, ON, Canada",48.406414,-89.259796,98237
128,Ottawa,ON,,"Ottawa, ON, Canada",45.421106,-75.690308,885542
129,Ottawa,ON,,"Ottawa, ON, Canada",45.421106,-75.690308,885542
130,Hamilton,ON,,"Hamilton, ON, Canada",43.2560802,-79.8728583,661942
131,Halifax,NS,,"Halifax, NS, Canada",44.648618,-63.5859487,263547
132,Toronto,ON,,"Toronto, ON, Canada",43.6534817,-79.3839347,4670783
133,London,ON,,"London, ON, Canada",42.9836747,-81.2496068,348681
134,Montreal,QC,,"Montreal, QC, Canada",45.4972159,-73.6103642,3280123
135,Mississauga,ON,,"Mississauga, ON, Canada",43.590338,-79.645729,
136,Enderby,BC,,"Enderby, BC, Canada",50.5504793,-119.1397789,2833
137,Peel,ON,,"Peel, ON, Canada",43.745865,-79.7962296,
138,Edmonton,AB,,"Edmonton, AB, Canada",53.535411,-113.507996,831979
139,Flin Flon,MB,,"Flin Flon, MB, Canada",54.769801,-101.878967,5932
140,Toronto,ON,,"Toronto, ON, Canada",43.6534817,-79.3839347,4670783
141,Vancouver,BC,,"Vancouver, BC, Canada",49.2608724,-123.1139529,1839314
142,Edmonton,AB,,"Edmonton, AB, Canada",53.535411,-113.507996,831979
143,Victoria,BC,,"Victoria, BC, Canada",48.4283182,-123.3649533,289837
144,Ottawa,ON,,"Ottawa, ON, Canada",45.421106,-75.690308,885542
145,Calgary,AB,,"Calgary, AB, Canada",51.0534234,-114.0625892,991432
146,Ottawa,ON,,"Ottawa, ON, Canada",45.421106,-75.690308,885542
147,Peterborough,ON,,"Peterborough, ON, Canada",44.3048009,-78.3199496,76458
148,Toronto,ON,,"Toronto, ON, Canada",43.6534817,-79.3839347,4670783
149,Halifax,NS,,"Halifax, NS, Canada",44.648618,-63.5859487,263547
150,Hamilton,ON,,"Hamilton, ON, Canada",43.2560802,-79.8728583,661942
151,Cardston,AB,,"Cardston, AB, Canada",49.2001157,-113.3165704,3697
152,Ottawa,ON,,"Ottawa, ON, Canada",45.421106,-75.690308,885542
153,Chilliwack,BC,,"Chilliwack, BC, Canada",49.157677,-121.9514307,51980
154,Toronto,ON,,"Toronto, ON, Canada",43.6534817,-79.3839347,4670783
155,Nanaimo,QC,,"Nanaimo, QC, Canada",46.9762152,-71.3992051,
156,Peterborough,ON,,"Peterborough, ON, Canada",44.3048009,-78.3199496,76458
157,Sabrevois,QC,,"Sabrevois, QC, Canada",45.2067857,-73.2294969,
158,Edmonton,AB,,"Edmonton, AB, Canada",53.535411,-113.507996,831979
159,Perdue,SK,,"Perdue, SK, Canada",52.0561536,-107.5447954,
160,Dartmouth,NS,,"Dartmouth, NS, Canada",44.6799707,-63.5720232,
161,Nunavut,NU,,"NU, Canada",65.0377727,-92.5540791,
162,Montreal,QC,,"Montreal, QC, Canada",45.4972159,-73.6103642,3280123
163,Mississauga,ON,,"Mississauga, ON, Canada",43.590338,-79.645729,
164,Stratford,ON,,"Stratford, ON, Canada",43.3700899,-80.9818016,30332
165,Montreal,QC,,"Montreal, QC, Canada",45.4972159,-73.6103642,3280123
166,Edmonton,AB,,"Edmonton, AB, Canada",53.535411,-113.507996,831979
167,Edmonton,AB,,"Edmonton, AB, Canada",53.535411,-113.507996,831979
168,Fraser River,BC,,"Fraser River, BC, Canada",52.2528364,-122.2640101,
169,Stratford,ON,,"Stratford, ON, Canada",43.3700899,-80.9818016,30332
170,Ottawa,ON,,"Ottawa, ON, Canada",45.421106,-75.690308,885542
171,Fort Mcmurray,AB,,"Fort Mcmurray, AB, Canada",56.7291997,-111.3885221,
172,Fort Mcmurray,AB,,"Fort Mcmurray, AB, Canada",56.7291997,-111.3885221,
173,Ottawa,ON,,"Ottawa, ON, Canada",45.421106,-75.690308,885542
174,St. Paul,AB,,"St. Paul, AB, Canada",53.9876467,-111.291114,
175,M'Chigeeng,BC,,"M'Chigeeng, BC, Canada",45.8275794,-82.1612354,
176,Kincardine,ON,,"Kincardine, ON, Canada",44.1776378,-81.6348713,6857
177,Montreal,QC,,"Montreal, QC, Canada",45.4972159,-73.6103642,3280123
178,Vancouver,BC,,"Vancouver, BC, Canada",49.2608724,-123.1139529,1839314
179,Dartmouth,NS,,"Dartmouth, NS, Canada",44.6799707,-63.5720232,
180,,MB,,"nan, MB, Canada",55.001251,-97.001038,
181,Montreal,QC,,"Montreal, QC, Canada",45.4972159,-73.6103642,3280123
182,Toronto,ON,,"Toronto, ON, Canada",43.6534817,-79.3839347,4670783
183,Coquitlam,BC,,"Coquitlam, BC, Canada",49.2842958,-122.793281,
184,Elphinstone,MB,,"Elphinstone, MB, Canada",50.5303459,-100.3282541,
185,Thompson,MB,,"Thompson, MB, Canada",55.743347,-97.863464,12261
186,Toronto,ON,,"Toronto, ON, Canada",43.6534817,-79.3839347,4670783
187,Montreal,QC,,"Montreal, QC, Canada",45.4972159,-73.6103642,3280123
188,Edmonton,AB,,"Edmonton, AB, Canada",53.535411,-113.507996,831979
189,Ottawa,ON,,"Ottawa, ON, Canada",45.421106,-75.690308,885542
190,Kamloops,BC,,"Kamloops, BC, Canada",50.6758269,-120.3394159,68879
191,Pictou County,NS,,"Pictou County, NS, Canada",45.5855373,-62.7283219,
192,,QC,,"nan, QC, Canada",52.4760892,-71.8258668,
193,Edmonton,AB,,"Edmonton, AB, Canada",53.535411,-113.507996,831979
194,Montreal,QC,,"Montreal, QC, Canada",45.4972159,-73.6103642,3280123
195,Vancouver,BC,,"Vancouver, BC, Canada",49.2608724,-123.1139529,1839314
196,Montreal,QC,,"Montreal, QC, Canada",45.4972159,-73.6103642,3280123
197,Edmonton,AB,,"Edmonton, AB, Canada",53.535411,-113.507996,831979
198,Edmonton,AB,,"Edmonton, AB, Canada",53.535411,-113.507996,831979
199,Toronto,ON,,"Toronto, ON, Canada",43.6534817,-79.3839347,4670783
200,New Glasgow,NS,,"New Glasgow, NS, Canada",45.5869474,-62.6483547,20134
201,,ON,,"nan, ON, Canada",50.000678,-86.000977,
202,Toronto,ON,,"Toronto, ON, Canada",43.6534817,-79.3839347,4670783
203,Hamilton,ON,,"Hamilton, ON, Canada",43.2560802,-79.8728583,661942
204,Ottawa,ON,,"Ottawa, ON, Canada",45.421106,-75.690308,885542
205,Edmonton,AB,,"Edmonton, AB, Canada",53.535411,-113.507996,831979
206,Ottawa,ON,,"Ottawa, ON, Canada",45.421106,-75.690308,885542
207,St. Albert,AB,,"St. Albert, AB, Canada",46.0003622,-72.0885118,
208,Mississauga,ON,,"Mississauga, ON, Canada",43.590338,-79.645729,
209,Ottawa,ON,,"Ottawa, ON, Canada",45.421106,-75.690308,885542
210,Peel,ON,,"Peel, ON, Canada",43.745865,-79.7962296,
211,Calgary,AB,,"Calgary, AB, Canada",51.0534234,-114.0625892,991432
212,Brantford,ON,,"Brantford, ON, Canada",43.1408157,-80.2631733,87972
213,York,ON,,"York, ON, Canada",43.6896191,-79.479188,
214,Calgary,AB,,"Calgary, AB, Canada",51.0534234,-114.0625892,991432
215,Yarmouth,NS,,"Yarmouth, NS, Canada",43.8372648,-66.1157,7487
216,Toronto,ON,,"Toronto, ON, Canada",43.6534817,-79.3839347,4670783
217,Edmonton,AB,,"Edmonton, AB, Canada",53.535411,-113.507996,831979
218,Edmonton,AB,,"Edmonton, AB, Canada",53.535411,-113.507996,831979
219,Edmonton,AB,,"Edmonton, AB, Canada",53.535411,-113.507996,831979
220,Calgary,AB,,"Calgary, AB, Canada",51.0534234,-114.0625892,991432
221,Halifax,NS,,"Halifax, NS, Canada",44.648618,-63.5859487,263547
222,Winnipeg,MB,,"Winnipeg, MB, Canada",49.8955367,-97.1384584,632857
223,Winnipeg,MB,,"Winnipeg, MB, Canada",49.8955367,-97.1384584,632857
224,Edmonton,AB,,"Edmonton, AB, Canada",53.535411,-113.507996,831979
225,New Westminster,BC,,"New Westminster, BC, Canada",49.2067726,-122.9108818,
226,Vancouver,BC,,"Vancouver, BC, Canada",49.2608724,-123.1139529,1839314
227,St. Albert,AB,,"St. Albert, AB, Canada",46.0003622,-72.0885118,
228,Charlottetown,PE,,"Charlottetown, PE, Canada",46.2906776,-63.12947829,43540
229,Toronto,ON,,"Toronto, ON, Canada",43.6534817,-79.3839347,4670783
230,Vancouver,BC,,"Vancouver, BC, Canada",49.2608724,-123.1139529,1839314
231,Edmonton,AB,,"Edmonton, AB, Canada",53.535411,-113.507996,831979
232,Edmonton,AB,,"Edmonton, AB, Canada",53.535411,-113.507996,831979
233,Chilliwack,BC,,"Chilliwack, BC, Canada",49.157677,-121.9514307,51980
234,Calgary,AB,,"Calgary, AB, Canada",51.0534234,-114.0625892,991432
235,Toronto,ON,,"Toronto, ON, Canada",43.6534817,-79.3839347,4670783
236,Vancouver,BC,,"Vancouver, BC, Canada",49.2608724,-123.1139529,1839314
237,Montreal,QC,,"Montreal, QC, Canada",45.4972159,-73.6103642,3280123
238,Montreal,QC,,"Montreal, QC, Canada",45.4972159,-73.6103642,3280123
239,Okanagan,BC,,"Okanagan, BC, Canada",49.9527193,-119.4424386,
240,Kelowna,BC,,"Kelowna, BC, Canada",49.889326,-119.498291,129691
241,Halifax,NS,,"Halifax, NS, Canada",44.648618,-63.5859487,263547
242,Toronto,ON,,"Toronto, ON, Canada",43.6534817,-79.3839347,4670783
243,Peterborough,ON,,"Peterborough, ON, Canada",44.3048009,-78.3199496,76458
244,Ottawa,ON,,"Ottawa, ON, Canada",45.421106,-75.690308,885542
245,Peel,ON,,"Peel, ON, Canada",43.745865,-79.7962296,
246,Neepawa,MB,,"Neepawa, MB, Canada",50.2319353,-99.4637261,3180
247,Edmonton,AB,,"Edmonton, AB, Canada",53.535411,-113.507996,831979
248,Ottawa,ON,,"Ottawa, ON, Canada",45.421106,-75.690308,885542
249,Toronto,ON,,"Toronto, ON, Canada",43.6534817,-79.3839347,4670783
250,Toronto,ON,,"Toronto, ON, Canada",43.6534817,-79.3839347,4670783
251,York,ON,,"York, ON, Canada",43.6896191,-79.479188,
252,London,ON,,"London, ON, Canada",42.9836747,-81.2496068,348681
253,Halifax,NS,,"Halifax, NS, Canada",44.648618,-63.5859487,263547
254,Victoria,BC,,"Victoria, BC, Canada",48.4283182,-123.3649533,289837
255,Edmonton,AB,,"Edmonton, AB, Canada",53.535411,-113.507996,831979
256,Thunder Bay,ON,,"Thunder Bay, ON, Canada",48.406414,-89.259796,98237
257,Montreal,QC,,"Montreal, QC, Canada",45.4972159,-73.6103642,3280123
258,Edmonton,AB,,"Edmonton, AB, Canada",53.535411,-113.507996,831979
259,Calgary,AB,,"Calgary, AB, Canada",51.0534234,-114.0625892,991432
260,Vancouver,BC,,"Vancouver, BC, Canada",49.2608724,-123.1139529,1839314
261,,QC,,"nan, QC, Canada",52.4760892,-71.8258668,
262,Toronto,ON,,"Toronto, ON, Canada",43.6534817,-79.3839347,4670783
263,Edmonton,AB,,"Edmonton, AB, Canada",53.535411,-113.507996,831979
264,Calgary,AB,,"Calgary, AB, Canada",51.0534234,-114.0625892,991432
265,Edson,AB,,"Edson, AB, Canada",53.5858662,-116.4428477,8069
266,Brooks,AB,,"Brooks, AB, Canada",50.571027,-111.893005,13045
267,Medicine Hat,AB,,"Medicine Hat, AB, Canada",50.04303,-110.679016,65113
268,Mississauga,ON,,"Mississauga, ON, Canada",43.590338,-79.645729,
269,Vancouver,BC,,"Vancouver, BC, Canada",49.2608724,-123.1139529,1839314
270,Ottawa,ON,,"Ottawa, ON, Canada",45.421106,-75.690308,885542
271,Leduc,AB,,"Leduc, AB, Canada",53.2607636,-113.5501238,15682
272,,QC,,"nan, QC, Canada",52.4760892,-71.8258668,
273,Montreal,QC,,"Montreal, QC, Canada",45.4972159,-73.6103642,3280123
274,Edmonton,AB,,"Edmonton, AB, Canada",53.535411,-113.507996,831979
275,Cranbrook,BC,,"Cranbrook, BC, Canada",49.5107477,-115.7672772,18624
276,Edmonton,AB,,"Edmonton, AB, Canada",53.535411,-113.507996,831979
277,Regina,SK,,"Regina, SK, Canada",50.44876,-104.61731,175727
278,Thunder Bay,ON,,"Thunder Bay, ON, Canada",48.406414,-89.259796,98237
279,Cardston,AB,,"Cardston, AB, Canada",49.2001157,-113.3165704,3697
280,Ottawa,ON,,"Ottawa, ON, Canada",45.421106,-75.690308,885542
281,,,TRUE,"nan, nan, Canada",61.0666922,-107.9917071,
282,Gatineau,QC,,"Gatineau, QC, Canada",45.4283596,-75.7106204,
283,Regina,SK,,"Regina, SK, Canada",50.44876,-104.61731,175727
284,Kamloops,BC,,"Kamloops, BC, Canada",50.6758269,-120.3394159,68879
285,Edmonton,AB,,"Edmonton, AB, Canada",53.535411,-113.507996,831979
286,Merritt,BC,,"Merritt, BC, Canada",50.111704,-120.7884227,7184
287,Peace River,AB,,"Peace River, AB, Canada",56.23253295,-117.3206707,5403
288,Montreal,QC,,"Montreal, QC, Canada",45.4972159,-73.6103642,3280123
289,Burnaby,BC,,"Burnaby, BC, Canada",49.2433804,-122.9725459,
290,Flin Flon,MB,,"Flin Flon, MB, Canada",54.769801,-101.878967,5932
291,,MB,,"nan, MB, Canada",55.001251,-97.001038,
292,Fort Mcmurray,AB,,"Fort Mcmurray, AB, Canada",56.7291997,-111.3885221,
293,Toronto,ON,,"Toronto, ON, Canada",43.6534817,-79.3839347,4670783
294,Edmonton,AB,,"Edmonton, AB, Canada",53.535411,-113.507996,831979
295,Red Deer,AB,,"Red Deer, AB, Canada",52.269838,-113.818359,75099
296,Halifax,NS,,"Halifax, NS, Canada",44.648618,-63.5859487,263547
297,Edmonton,AB,,"Edmonton, AB, Canada",53.535411,-113.507996,831979
298,Edmonton,AB,,"Edmonton, AB, Canada",53.535411,-113.507996,831979
299,Qc City,QC,,"Qc City, QC, Canada",51.7023536,-76.8088538,
300,Halifax,NS,,"Halifax, NS, Canada",44.648618,-63.5859487,263547
301,,QC,,"nan, QC, Canada",52.4760892,-71.8258668,
302,Winnipeg,MB,,"Winnipeg, MB, Canada",49.8955367,-97.1384584,632857
303,Winnipeg,MB,,"Winnipeg, MB, Canada",49.8955367,-97.1384584,632857
304,Ottawa,ON,,"Ottawa, ON, Canada",45.421106,-75.690308,885542
305,Ottawa,ON,,"Ottawa, ON, Canada",45.421106,-75.690308,885542
306,,MB,,"nan, MB, Canada",55.001251,-97.001038,
307,,QC,,"nan, QC, Canada",52.4760892,-71.8258668,
308,Waterloo,ON,,"Waterloo, ON, Canada",43.466874,-80.524635,
309,Winnipeg,MB,,"Winnipeg, MB, Canada",49.8955367,-97.1384584,632857
310,Vancouver,BC,,"Vancouver, BC, Canada",49.2608724,-123.1139529,1839314
311,Saint John,NB,,"Saint John, NB, Canada",45.278752,-66.058044,87150
312,Halifax,NS,,"Halifax, NS, Canada",44.648618,-63.5859487,263547
313,,NS,,"nan, NS, Canada",45.1960403,-63.1653789,
314,Toronto,ON,,"Toronto, ON, Canada",43.6534817,-79.3839347,4670783
315,Ottawa,ON,,"Ottawa, ON, Canada",45.421106,-75.690308,885542
316,Ottawa,ON,,"Ottawa, ON, Canada",45.421106,-75.690308,885542
317,Vancouver,BC,,"Vancouver, BC, Canada",49.2608724,-123.1139529,1839314
318,Edmonton,AB,,"Edmonton, AB, Canada",53.535411,-113.507996,831979
319,Lethbridge,AB,,"Lethbridge, AB, Canada",49.694285,-112.851562,71390
320,Fort Mcmurray,AB,,"Fort Mcmurray, AB, Canada",56.7291997,-111.3885221,
321,Ottawa,ON,,"Ottawa, ON, Canada",45.421106,-75.690308,885542
322,,QC,,"nan, QC, Canada",52.4760892,-71.8258668,
323,Toronto,ON,,"Toronto, ON, Canada",43.6534817,-79.3839347,4670783
324,Mississauga,ON,,"Mississauga, ON, Canada",43.590338,-79.645729,
325,Ottawa,ON,,"Ottawa, ON, Canada",45.421106,-75.690308,885542
326,,BC,,"nan, BC, Canada",55.001251,-125.002441,
327,Kingston,ON,,"Kingston, ON, Canada",44.230687,-76.481323,115695
328,Newfoundland Labrador,NL,,"NL, Canada",53.8217327,-61.2295532,
329,,,TRUE,"nan, nan, Canada",61.0666922,-107.9917071,
330,Hamilton,ON,,"Hamilton, ON, Canada",43.2560802,-79.8728583,661942
331,Calgary,AB,,"Calgary, AB, Canada",51.0534234,-114.0625892,991432
332,Regina,SK,,"Regina, SK, Canada",50.44876,-104.61731,175727
333,Calgary,AB,,"Calgary, AB, Canada",51.0534234,-114.0625892,991432
334,Onion Lake,AB,,"Onion Lake, AB, Canada",53.7690808,-110.1511376,
335,Waterloo,ON,,"Waterloo, ON, Canada",43.466874,-80.524635,
336,Edmonton,AB,,"Edmonton, AB, Canada",53.535411,-113.507996,831979
337,Peterborough,ON,,"Peterborough, ON, Canada",44.3048009,-78.3199496,76458
338,Ottawa,ON,,"Ottawa, ON, Canada",45.421106,-75.690308,885542
339,Burnaby,BC,,"Burnaby, BC, Canada",49.2433804,-122.9725459,
340,Ottawa,ON,,"Ottawa, ON, Canada",45.421106,-75.690308,885542
341,Peterborough,ON,,"Peterborough, ON, Canada",44.3048009,-78.3199496,76458
342,Toronto,ON,,"Toronto, ON, Canada",43.6534817,-79.3839347,4670783
343,Edmonton,AB,,"Edmonton, AB, Canada",53.535411,-113.507996,831979
344,Ottawa,ON,,"Ottawa, ON, Canada",45.421106,-75.690308,885542
345,Toronto,ON,,"Toronto, ON, Canada",43.6534817,-79.3839347,4670783
346,Calgary,AB,,"Calgary, AB, Canada",51.0534234,-114.0625892,991432
347,Mount Polley,BC,,"Mount Polley, BC, Canada",50.7176447,-121.9186442,
348,Halifax,NS,,"Halifax, NS, Canada",44.648618,-63.5859487,263547
349,Montreal,QC,,"Montreal, QC, Canada",45.4972159,-73.6103642,3280123
350,Mississauga,ON,,"Mississauga, ON, Canada",43.590338,-79.645729,
351,Qc City,QC,,"Qc City, QC, Canada",51.7023536,-76.8088538,
352,Ottawa,ON,,"Ottawa, ON, Canada",45.421106,-75.690308,885542
353,Anjou,QC,,"Anjou, QC, Canada",45.6048982,-73.5466723,
354,Montreal,QC,,"Montreal, QC, Canada",45.4972159,-73.6103642,3280123
355,Iqaluit,NU,,"Iqaluit, NU, Canada",63.7577822,-68.5587568,6364
356,Saint-Jérôme,QC,,"Saint-Jérôme, QC, Canada",45.775426,-74.013176,
357,Surrey,BC,,"Surrey, BC, Canada",49.1913033,-122.8491439,
358,Levis,QC,,"Levis, QC, Canada",46.7910096,-71.1753274,
359,Montreal,QC,,"Montreal, QC, Canada",45.4972159,-73.6103642,3280123
360,Sylvan Lake,AB,,"Sylvan Lake, AB, Canada",52.3056132,-114.0908391,11327
361,,QC,,"nan, QC, Canada",52.4760892,-71.8258668,
362,Edmonton,AB,,"Edmonton, AB, Canada",53.535411,-113.507996,831979
363,,QC,,"nan, QC, Canada",52.4760892,-71.8258668,
364,Ottawa,ON,,"Ottawa, ON, Canada",45.421106,-75.690308,885542
365,Halifax,NS,,"Halifax, NS, Canada",44.648618,-63.5859487,263547
366,Kelowna,BC,,"Kelowna, BC, Canada",49.889326,-119.498291,129691
367,Lac Ste. Anne,QC,,"Lac Ste. Anne, QC, Canada",50.0929668,-67.9623568,
368,Vancouver,BC,,"Vancouver, BC, Canada",49.2608724,-123.1139529,1839314
369,Saskachewan,SK,,"Saskachewan, SK, Canada",55.5321257,-106.1412243,
370,Langley,BC,,"Langley, BC, Canada",49.10647185,-122.5501312,
371,Winnipeg,MB,,"Winnipeg, MB, Canada",49.8955367,-97.1384584,632857
372,Toronto,ON,,"Toronto, ON, Canada",43.6534817,-79.3839347,4670783
373,Kelowna,BC,,"Kelowna, BC, Canada",49.889326,-119.498291,129691
374,Ottawa,ON,,"Ottawa, ON, Canada",45.421106,-75.690308,885542
375,Ottawa,ON,,"Ottawa, ON, Canada",45.421106,-75.690308,885542
376,Montreal,QC,,"Montreal, QC, Canada",45.4972159,-73.6103642,3280123
377,Edmonton,AB,,"Edmonton, AB, Canada",53.535411,-113.507996,831979
378,Newmarket,ON,,"Newmarket, ON, Canada",44.056258,-79.461708,
379,Vancouver,BC,,"Vancouver, BC, Canada",49.2608724,-123.1139529,1839314
380,Ottawa,ON,,"Ottawa, ON, Canada",45.421106,-75.690308,885542
381,Waterloo,ON,,"Waterloo, ON, Canada",43.466874,-80.524635,
382,Hampstead,QC,,"Hampstead, QC, Canada",45.4811545,-73.6469908,
383,Montreal,QC,,"Montreal, QC, Canada",45.4972159,-73.6103642,3280123
384,Kingston,ON,,"Kingston, ON, Canada",44.230687,-76.481323,115695
385,Mississauga,ON,,"Mississauga, ON, Canada",43.590338,-79.645729,
386,Brandon,MB,,"Brandon, MB, Canada",49.8511143,-99.9608924,25134
387,Sudbury,ON,,"Sudbury, ON, Canada",46.49272,-80.991211,111118
388,Winnipeg,MB,,"Winnipeg, MB, Canada",49.8955367,-97.1384584,632857
389,,ON,,"nan, ON, Canada",50.000678,-86.000977,
390,Ottawa,ON,,"Ottawa, ON, Canada",45.421106,-75.690308,885542
391,Toronto,ON,,"Toronto, ON, Canada",43.6534817,-79.3839347,4670783
392,Toronto,ON,,"Toronto, ON, Canada",43.6534817,-79.3839347,4670783
393,West Moberly,BC,,"West Moberly, BC, Canada",51.3709865,-117.0194685,
394,Winnipeg,MB,,"Winnipeg, MB, Canada",49.8955367,-97.1384584,632857
395,Dryden,ON,,"Dryden, ON, Canada",49.785698,-92.835846,7012
396,Winnipeg,MB,,"Winnipeg, MB, Canada",49.8955367,-97.1384584,632857
397,Calgary,AB,,"Calgary, AB, Canada",51.0534234,-114.0625892,991432
398,Winnipeg,MB,,"Winnipeg, MB, Canada",49.8955367,-97.1384584,632857
399,Surrey,BC,,"Surrey, BC, Canada",49.1913033,-122.8491439,
400,Winnipeg,MB,,"Winnipeg, MB, Canada",49.8955367,-97.1384584,632857
401,Sioux Lookout,ON,,"Sioux Lookout, ON, Canada",50.11345465,-92.19624323,3777
402,Richmond,BC,,"Richmond, BC, Canada",49.163168,-123.137414,
403,North Bay,ON,,"North Bay, ON, Canada",46.3092115,-79.4607617,49664
404,,,TRUE,"nan, nan, Canada",61.0666922,-107.9917071,
405,Toronto,ON,,"Toronto, ON, Canada",43.6534817,-79.3839347,4670783
406,Grande Prairie,AB,,"Grande Prairie, AB, Canada",55.17108,-118.7949873,42712
407,Saskatoon,SK,,"Saskatoon, SK, Canada",52.131802,-106.660767,199523
408,Peterborough,ON,,"Peterborough, ON, Canada",44.3048009,-78.3199496,76458
409,Ottawa,ON,,"Ottawa, ON, Canada",45.421106,-75.690308,885542
410,Ottawa,ON,,"Ottawa, ON, Canada",45.421106,-75.690308,885542
411,Dartmouth,NS,,"Dartmouth, NS, Canada",44.6799707,-63.5720232,
412,Toronto,ON,,"Toronto, ON, Canada",43.6534817,-79.3839347,4670783
413,,QC,,"nan, QC, Canada",52.4760892,-71.8258668,
414,Burnaby,BC,,"Burnaby, BC, Canada",49.2433804,-122.9725459,
415,Hamilton,ON,,"Hamilton, ON, Canada",43.2560802,-79.8728583,661942
416,Yellowknife,NT,,"Yellowknife, NT, Canada",62.4710386,-114.4467513,15748
417,Truro,NS,,"Truro, NS, Canada",45.366668,-63.300006,20458
418,York,ON,,"York, ON, Canada",43.6896191,-79.479188,
419,,SK,,"nan, SK, Canada",61.0666922,-107.9917071,
420,Mississauga,ON,,"Mississauga, ON, Canada",43.590338,-79.645729,
421,Ottawa,ON,,"Ottawa, ON, Canada",45.421106,-75.690308,885542
422,Edson,AB,,"Edson, AB, Canada",53.5858662,-116.4428477,8069
423,Ottawa,ON,,"Ottawa, ON, Canada",45.421106,-75.690308,885542
424,Montreal,QC,,"Montreal, QC, Canada",45.4972159,-73.6103642,3280123
425,,,TRUE,"nan, nan, Canada",61.0666922,-107.9917071,
426,Montreal,QC,,"Montreal, QC, Canada",45.4972159,-73.6103642,3280123
427,Toronto,ON,,"Toronto, ON, Canada",43.6534817,-79.3839347,4670783
428,Calgary,AB,,"Calgary, AB, Canada",51.0534234,-114.0625892,991432
429,Sutton,QC,,"Sutton, QC, Canada",45.1109765,-72.6177899,
430,Coquitlam,BC,,"Coquitlam, BC, Canada",49.2842958,-122.793281,
431,Toronto,ON,,"Toronto, ON, Canada",43.6534817,-79.3839347,4670783
432,,QC,,"nan, QC, Canada",52.4760892,-71.8258668,
433,Thunder Bay,ON,,"Thunder Bay, ON, Canada",48.406414,-89.259796,98237
434,Ottawa,ON,,"Ottawa, ON, Canada",45.421106,-75.690308,885542
435,Fredericton,NB,,"Fredericton, NB, Canada",45.966425,-66.645813,51916
436,Ottawa,ON,,"Ottawa, ON, Canada",45.421106,-75.690308,885542
437,,ON,,"nan, ON, Canada",50.000678,-86.000977,
438,Ottawa,ON,,"Ottawa, ON, Canada",45.421106,-75.690308,885542
439,Ottawa,ON,,"Ottawa, ON, Canada",45.421106,-75.690308,885542
440,,,TRUE,"nan, nan, Canada",61.0666922,-107.9917071,
441,Coquitlam,BC,,"Coquitlam, BC, Canada",49.2842958,-122.793281,
442,Burlington,ON,,"Burlington, ON, Canada",43.3248924,-79.7966835,
443,Vancouver,BC,,"Vancouver, BC, Canada",49.2608724,-123.1139529,1839314
444,Hamilton,ON,,"Hamilton, ON, Canada",43.2560802,-79.8728583,661942
445,Burlington,ON,,"Burlington, ON, Canada",43.3248924,-79.7966835,
446,Vancouver,BC,,"Vancouver, BC, Canada",49.2608724,-123.1139529,1839314
447,Toronto,ON,,"Toronto, ON, Canada",43.6534817,-79.3839347,4670783
448,Qc City,QC,,"Qc City, QC, Canada",51.7023536,-76.8088538,
449,London,ON,,"London, ON, Canada",42.9836747,-81.2496068,348681
450,Hamilton,ON,,"Hamilton, ON, Canada",43.2560802,-79.8728583,661942
451,Calgary,AB,,"Calgary, AB, Canada",51.0534234,-114.0625892,991432
452,Toronto,ON,,"Toronto, ON, Canada",43.6534817,-79.3839347,4670783
453,Toronto,ON,,"Toronto, ON, Canada",43.6534817,-79.3839347,4670783
454,Ottawa,ON,,"Ottawa, ON, Canada",45.421106,-75.690308,885542
455,Toronto,ON,,"Toronto, ON, Canada",43.6534817,-79.3839347,4670783
456,,QC,,"nan, QC, Canada",52.4760892,-71.8258668,
457,Ottawa,ON,,"Ottawa, ON, Canada",45.421106,-75.690308,885542
458,,,TRUE,"nan, nan, Canada",61.0666922,-107.9917071,
459,Toronto,ON,,"Toronto, ON, Canada",43.6534817,-79.3839347,4670783
460,Ottawa,ON,,"Ottawa, ON, Canada",45.421106,-75.690308,885542
461,Surrey,BC,,"Surrey, BC, Canada",49.1913033,-122.8491439,
462,Calgary,AB,,"Calgary, AB, Canada",51.0534234,-114.0625892,991432
463,North Fraser,BC,,"North Fraser, BC, Canada",59.715297,-135.0479946,
464,Williams Lake,QC,,"Williams Lake, QC, Canada",45.7680445,-71.9228,
465,Grand Rapids,MB,,"Grand Rapids, MB, Canada",53.174765,-99.269714,
466,Halifax,NS,,"Halifax, NS, Canada",44.648618,-63.5859487,263547
467,Victoria,BC,,"Victoria, BC, Canada",48.4283182,-123.3649533,289837
468,Edmonton,AB,,"Edmonton, AB, Canada",53.535411,-113.507996,831979
469,Calgary,AB,,"Calgary, AB, Canada",51.0534234,-114.0625892,991432
470,Montreal,QC,,"Montreal, QC, Canada",45.4972159,-73.6103642,3280123
471,York,ON,,"York, ON, Canada",43.6896191,-79.479188,
472,Halifax,NS,,"Halifax, NS, Canada",44.648618,-63.5859487,263547
473,Cornwall,ON,,"Cornwall, ON, Canada",45.0184417,-74.728703,48894
474,Kamloops,BC,,"Kamloops, BC, Canada",50.6758269,-120.3394159,68879
475,Ottawa,ON,,"Ottawa, ON, Canada",45.421106,-75.690308,885542
476,Winnipeg,MB,,"Winnipeg, MB, Canada",49.8955367,-97.1384584,632857
477,Berwick,AB,,"Berwick, AB, Canada",45.0455684,-64.7362073,
478,Vancouver,BC,,"Vancouver, BC, Canada",49.2608724,-123.1139529,1839314
479,Sechelt,BC,,"Sechelt, BC, Canada",49.4721147,-123.7631244,5982
480,Qc City,QC,,"Qc City, QC, Canada",51.7023536,-76.8088538,
481,Winnipeg,MB,,"Winnipeg, MB, Canada",49.8955367,-97.1384584,632857
482,Regina,SK,,"Regina, SK, Canada",50.44876,-104.61731,175727
483,Toronto,ON,,"Toronto, ON, Canada",43.6534817,-79.3839347,4670783
484,Toronto,ON,,"Toronto, ON, Canada",43.6534817,-79.3839347,4670783
485,Montreal,QC,,"Montreal, QC, Canada",45.4972159,-73.6103642,3280123
486,Montreal,QC,,"Montreal, QC, Canada",45.4972159,-73.6103642,3280123
487,Regina,SK,,"Regina, SK, Canada",50.44876,-104.61731,175727
488,Surrey,BC,,"Surrey, BC, Canada",49.1913033,-122.8491439,
489,Toronto,ON,,"Toronto, ON, Canada",43.6534817,-79.3839347,4670783
490,Toronto,ON,,"Toronto, ON, Canada",43.6534817,-79.3839347,4670783
491,Edmonton,AB,,"Edmonton, AB, Canada",53.535411,-113.507996,831979
492,Edmonton,AB,,"Edmonton, AB, Canada",53.535411,-113.507996,831979
493,Montreal,QC,,"Montreal, QC, Canada",45.4972159,-73.6103642,3280123
494,Montreal,QC,,"Montreal, QC, Canada",45.4972159,-73.6103642,3280123
495,Victoria,BC,,"Victoria, BC, Canada",48.4283182,-123.3649533,289837
496,Waterloo,ON,,"Waterloo, ON, Canada",43.466874,-80.524635,
497,Winnipeg,MB,,"Winnipeg, MB, Canada",49.8955367,-97.1384584,632857
498,,NS,,"nan, NS, Canada",45.1960403,-63.1653789,
499,Ottawa,ON,,"Ottawa, ON, Canada",45.421106,-75.690308,885542
500,Calgary,AB,,"Calgary, AB, Canada",51.0534234,-114.0625892,991432
501,Vancouver,BC,,"Vancouver, BC, Canada",49.2608724,-123.1139529,1839314
502,Hamilton,ON,,"Hamilton, ON, Canada",43.2560802,-79.8728583,661942
503,Vancouver,BC,,"Vancouver, BC, Canada",49.2608724,-123.1139529,1839314
504,Toronto,ON,,"Toronto, ON, Canada",43.6534817,-79.3839347,4670783
505,Sydney,NS,,"Sydney, NS, Canada",46.137977,-60.194092,32357
506,Thunder Bay,ON,,"Thunder Bay, ON, Canada",48.406414,-89.259796,98237
507,Charlottetown,PE,,"Charlottetown, PE, Canada",46.2906776,-63.12947829,43540
508,London,ON,,"London, ON, Canada",42.9836747,-81.2496068,348681
509,Hamilton,ON,,"Hamilton, ON, Canada",43.2560802,-79.8728583,661942
510,Cole Harbour,NS,,"Cole Harbour, NS, Canada",45.2593736,-61.2699661,
511,Gatineau,QC,,"Gatineau, QC, Canada",45.4283596,-75.7106204,
512,Kelowna,BC,,"Kelowna, BC, Canada",49.889326,-119.498291,129691
513,Montreal,QC,,"Montreal, QC, Canada",45.4972159,-73.6103642,3280123
514,Montreal,QC,,"Montreal, QC, Canada",45.4972159,-73.6103642,3280123
515,Mississauga,ON,,"Mississauga, ON, Canada",43.590338,-79.645729,
516,Toronto,ON,,"Toronto, ON, Canada",43.6534817,-79.3839347,4670783
517,Georgina,ON,,"Georgina, ON, Canada",44.2280235,-79.4644446,46775
518,Halifax,NS,,"Halifax, NS, Canada",44.648618,-63.5859487,263547
519,Laval,QC,,"Laval, QC, Canada",45.60558895,-73.73441731,
520,Burnaby,BC,,"Burnaby, BC, Canada",49.2433804,-122.9725459,
521,Toronto,ON,,"Toronto, ON, Canada",43.6534817,-79.3839347,4670783
522,Richmond,BC,,"Richmond, BC, Canada",49.163168,-123.137414,
523,Toronto,ON,,"Toronto, ON, Canada",43.6534817,-79.3839347,4670783
524,St. John'S,NL,,"St. John'S, NL, Canada",47.561701,-52.715149,
525,Hamilton,ON,,"Hamilton, ON, Canada",43.2560802,-79.8728583,661942
526,Surrey,BC,,"Surrey, BC, Canada",49.1913033,-122.8491439,
527,London,ON,,"London, ON, Canada",42.9836747,-81.2496068,348681
528,Vancouver,BC,,"Vancouver, BC, Canada",49.2608724,-123.1139529,1839314
529,Windsor,ON,,"Windsor, ON, Canada",42.317099,-83.0353434,281545
530,Antigonish,NS,,"Antigonish, NS, Canada",45.6213607,-61.9904928,4957
531,,AB,,"nan, AB, Canada",55.001251,-115.002136,
532,Winnipeg,MB,,"Winnipeg, MB, Canada",49.8955367,-97.1384584,632857
533,,AB,,"nan, AB, Canada",55.001251,-115.002136,
534,Montreal,QC,,"Montreal, QC, Canada",45.4972159,-73.6103642,3280123
535,Montreal,QC,,"Montreal, QC, Canada",45.4972159,-73.6103642,3280123
536,Laval,QC,,"Laval, QC, Canada",45.60558895,-73.73441731,
537,Ottawa,ON,,"Ottawa, ON, Canada",45.421106,-75.690308,885542
538,,,TRUE,"nan, nan, Canada",61.0666922,-107.9917071,
539,St. John'S,NL,,"St. John'S, NL, Canada",47.561701,-52.715149,
540,Waterloo,ON,,"Waterloo, ON, Canada",43.466874,-80.524635,
541,St. John'S,NL,,"St. John'S, NL, Canada",47.561701,-52.715149,
542,Toronto,ON,,"Toronto, ON, Canada",43.6534817,-79.3839347,4670783
543,Strathmore,AB,,"Strathmore, AB, Canada",51.0435486,-113.3998479,10714
544,Peel,ON,,"Peel, ON, Canada",43.745865,-79.7962296,
545,Ottawa,ON,,"Ottawa, ON, Canada",45.421106,-75.690308,885542
546,,,TRUE,"nan, nan, Canada",61.0666922,-107.9917071,
547,Niagara,ON,,"Niagara, ON, Canada",43.0631891,-79.3098089,
548,Toronto,ON,,"Toronto, ON, Canada",43.6534817,-79.3839347,4670783
549,Winnipeg,MB,,"Winnipeg, MB, Canada",49.8955367,-97.1384584,632857
550,,BC,,"nan, BC, Canada",55.001251,-125.002441,
551,,BC,,"nan, BC, Canada",55.001251,-125.002441,
552,Montreal,QC,,"Montreal, QC, Canada",45.4972159,-73.6103642,3280123
553,Victoria,BC,,"Victoria, BC, Canada",48.4283182,-123.3649533,289837
554,Vancouver,BC,,"Vancouver, BC, Canada",49.2608724,-123.1139529,1839314
555,Toronto,ON,,"Toronto, ON, Canada",43.6534817,-79.3839347,4670783
556,Ottawa,ON,,"Ottawa, ON, Canada",45.421106,-75.690308,885542
557,Calgary,AB,,"Calgary, AB, Canada",51.0534234,-114.0625892,991432
558,Toronto,ON,,"Toronto, ON, Canada",43.6534817,-79.3839347,4670783
559,Ottawa,ON,,"Ottawa, ON, Canada",45.421106,-75.690308,885542
560,,NS,,"nan, NS, Canada",45.1960403,-63.1653789,
561,Thunder Bay,ON,,"Thunder Bay, ON, Canada",48.406414,-89.259796,98237
562,,,TRUE,"nan, nan, Canada",61.0666922,-107.9917071,
563,Winnipeg,MB,,"Winnipeg, MB, Canada",49.8955367,-97.1384584,632857
564,,,TRUE,"nan, nan, Canada",61.0666922,-107.9917071,
565,,,TRUE,"nan, nan, Canada",61.0666922,-107.9917071,
566,,ON,,"nan, ON, Canada",50.000678,-86.000977,
567,Winnipeg,MB,,"Winnipeg, MB, Canada",49.8955367,-97.1384584,632857
568,Calgary,AB,,"Calgary, AB, Canada",51.0534234,-114.0625892,991432
569,Pembroke,ON,,"Pembroke, ON, Canada",45.8260909,-77.113541,15674
570,Montreal,QC,,"Montreal, QC, Canada",45.4972159,-73.6103642,3280123
571,Durham,ON,,"Durham, ON, Canada",44.0338942,-78.86978799,2898
572,,NS,,"nan, NS, Canada",45.1960403,-63.1653789,
573,Port Alberni,AB,,"Port Alberni, AB, Canada",49.2343668,-124.8056517,
574,Edmonton,AB,,"Edmonton, AB, Canada",53.535411,-113.507996,831979
575,Toronto,ON,,"Toronto, ON, Canada",43.6534817,-79.3839347,4670783
576,Calgary,AB,,"Calgary, AB, Canada",51.0534234,-114.0625892,991432
577,Vancouver,BC,,"Vancouver, BC, Canada",49.2608724,-123.1139529,1839314
578,Calgary,AB,,"Calgary, AB, Canada",51.0534234,-114.0625892,991432
579,,,TRUE,"nan, nan, Canada",61.0666922,-107.9917071,
580,Windsor,ON,,"Windsor, ON, Canada",42.317099,-83.0353434,281545
581,Winnipeg,MB,,"Winnipeg, MB, Canada",49.8955367,-97.1384584,632857
582,Montreal,QC,,"Montreal, QC, Canada",45.4972159,-73.6103642,3280123
583,Toronto,ON,,"Toronto, ON, Canada",43.6534817,-79.3839347,4670783
584,,ON,,"nan, ON, Canada",50.000678,-86.000977,
585,Calgary,AB,,"Calgary, AB, Canada",51.0534234,-114.0625892,991432
586,,ON,,"nan, ON, Canada",50.000678,-86.000977,
587,Toronto,ON,,"Toronto, ON, Canada",43.6534817,-79.3839347,4670783
588,Vancouver,BC,,"Vancouver, BC, Canada",49.2608724,-123.1139529,1839314
589,,QC,,"nan, QC, Canada",52.4760892,-71.8258668,
590,Coquitlam,BC,,"Coquitlam, BC, Canada",49.2842958,-122.793281,
591,Winnipeg,MB,,"Winnipeg, MB, Canada",49.8955367,-97.1384584,632857
592,Montreal,QC,,"Montreal, QC, Canada",45.4972159,-73.6103642,3280123
593,Mississauga,ON,,"Mississauga, ON, Canada",43.590338,-79.645729,
594,Montreal,QC,,"Montreal, QC, Canada",45.4972159,-73.6103642,3280123
595,Vancouver,BC,,"Vancouver, BC, Canada",49.2608724,-123.1139529,1839314
596,Toronto,ON,,"Toronto, ON, Canada",43.6534817,-79.3839347,4670783
597,Windsor,ON,,"Windsor, ON, Canada",42.317099,-83.0353434,281545
598,Happy Valley-Goose Bay,NL,,"Happy Valley-Goose Bay, NL, Canada",53.2964352,-60.3111895,6034
599,St. John'S,NL,,"St. John'S, NL, Canada",47.561701,-52.715149,
600,Saskatoon,SK,,"Saskatoon, SK, Canada",52.131802,-106.660767,199523
601,Whycocomagh,NS,,"Whycocomagh, NS, Canada",45.9745351,-61.1274495,
602,Kamloops,BC,,"Kamloops, BC, Canada",50.6758269,-120.3394159,68879
603,Halifax,NS,,"Halifax, NS, Canada",44.648618,-63.5859487,263547
604,Kamloops,BC,,"Kamloops, BC, Canada",50.6758269,-120.3394159,68879
605,Ottawa,ON,,"Ottawa, ON, Canada",45.421106,-75.690308,885542
606,Montreal,QC,,"Montreal, QC, Canada",45.4972159,-73.6103642,3280123
607,Calgary,AB,,"Calgary, AB, Canada",51.0534234,-114.0625892,991432
608,Winnipeg,MB,,"Winnipeg, MB, Canada",49.8955367,-97.1384584,632857
609,Courtenay,BC,,"Courtenay, BC, Canada",49.6894061,-124.9954959,32817
610,Toronto,ON,,"Toronto, ON, Canada",43.6534817,-79.3839347,4670783
611,Peterborough,ON,,"Peterborough, ON, Canada",44.3048009,-78.3199496,76458
612,Toronto,ON,,"Toronto, ON, Canada",43.6534817,-79.3839347,4670783
613,,ON,,"nan, ON, Canada",50.000678,-86.000977,
614,Ottawa,ON,,"Ottawa, ON, Canada",45.421106,-75.690308,885542
615,Montreal,QC,,"Montreal, QC, Canada",45.4972159,-73.6103642,3280123
616,Halifax,NS,,"Halifax, NS, Canada",44.648618,-63.5859487,263547
617,Richmond,BC,,"Richmond, BC, Canada",49.163168,-123.137414,
618,Coquitlam,BC,,"Coquitlam, BC, Canada",49.2842958,-122.793281,
619,,AB,,"nan, AB, Canada",55.001251,-115.002136,
620,Bible Hill,NS,,"Bible Hill, NS, Canada",45.376314,-63.2484791,
621,Thunder Bay,ON,,"Thunder Bay, ON, Canada",48.406414,-89.259796,98237
622,,BC,,"nan, BC, Canada",55.001251,-125.002441,
623,Vancouver,BC,,"Vancouver, BC, Canada",49.2608724,-123.1139529,1839314
624,Whycocomagh,NS,,"Whycocomagh, NS, Canada",45.9745351,-61.1274495,
625,Edmonton,AB,,"Edmonton, AB, Canada",53.535411,-113.507996,831979
626,Vancouver,BC,,"Vancouver, BC, Canada",49.2608724,-123.1139529,1839314
627,Niagara,ON,,"Niagara, ON, Canada",43.0631891,-79.3098089,
628,Winnipeg,MB,,"Winnipeg, MB, Canada",49.8955367,-97.1384584,632857
629,Peterborough,ON,,"Peterborough, ON, Canada",44.3048009,-78.3199496,76458
630,Winnipeg,MB,,"Winnipeg, MB, Canada",49.8955367,-97.1384584,632857
631,Cape Breton,NS,,"Cape Breton, NS, Canada",46.2950327,-60.93605535,
632,Gabriola Island,BC,,"Gabriola Island, BC, Canada",49.1649047,-123.8147457,
633,Calgary,AB,,"Calgary, AB, Canada",51.0534234,-114.0625892,991432
634,Thunder Bay,ON,,"Thunder Bay, ON, Canada",48.406414,-89.259796,98237
635,Hamilton,ON,,"Hamilton, ON, Canada",43.2560802,-79.8728583,661942
636,,NS,,"nan, NS, Canada",45.1960403,-63.1653789,
637,Winnipeg,MB,,"Winnipeg, MB, Canada",49.8955367,-97.1384584,632857
638,London,ON,,"London, ON, Canada",42.9836747,-81.2496068,348681
639,Montreal,QC,,"Montreal, QC, Canada",45.4972159,-73.6103642,3280123
640,Toronto,ON,,"Toronto, ON, Canada",43.6534817,-79.3839347,4670783
641,Calgary,AB,,"Calgary, AB, Canada",51.0534234,-114.0625892,991432
642,,NB,,"nan, NB, Canada",46.500283,-66.750183,
643,Toronto,ON,,"Toronto, ON, Canada",43.6534817,-79.3839347,4670783
644,Toronto,ON,,"Toronto, ON, Canada",43.6534817,-79.3839347,4670783
645,Montreal,QC,,"Montreal, QC, Canada",45.4972159,-73.6103642,3280123
646,,NB,,"nan, NB, Canada",46.500283,-66.750183,
647,Windsor,ON,,"Windsor, ON, Canada",42.317099,-83.0353434,281545
648,Ottawa,ON,,"Ottawa, ON, Canada",45.421106,-75.690308,885542
649,Burnaby,BC,,"Burnaby, BC, Canada",49.2433804,-122.9725459,
650,Bay Of Quinte,ON,,"Bay Of Quinte, ON, Canada",44.1536272,-77.52992949,
651,Cobourg,ON,,"Cobourg, ON, Canada",43.9595998,-78.1677784,18316
652,Montreal,QC,,"Montreal, QC, Canada",45.4972159,-73.6103642,3280123
653,Vancouver,BC,,"Vancouver, BC, Canada",49.2608724,-123.1139529,1839314
654,Vancouver,BC,,"Vancouver, BC, Canada",49.2608724,-123.1139529,1839314
655,Ottawa,ON,,"Ottawa, ON, Canada",45.421106,-75.690308,885542
656,London,ON,,"London, ON, Canada",42.9836747,-81.2496068,348681
657,Port Alberni,AB,,"Port Alberni, AB, Canada",49.2343668,-124.8056517,
658,Edmonton,AB,,"Edmonton, AB, Canada",53.535411,-113.507996,831979
659,Coquitlam,BC,,"Coquitlam, BC, Canada",49.2842958,-122.793281,
660,Innu Nation,NL,,"Innu Nation, NL, Canada",53.51675595,-60.1457225,
661,Simcoe North,ON,,"Simcoe North, ON, Canada",44.68805885,-79.98575937,
662,Edmonton,AB,,"Edmonton, AB, Canada",53.535411,-113.507996,831979
663,West Island,QC,,"West Island, QC, Canada",45.51354495,-73.55821586,
664,,BC,,"nan, BC, Canada",55.001251,-125.002441,
665,Ottawa,ON,,"Ottawa, ON, Canada",45.421106,-75.690308,885542
666,Vancouver,BC,,"Vancouver, BC, Canada",49.2608724,-123.1139529,1839314
667,Ottawa,ON,,"Ottawa, ON, Canada",45.421106,-75.690308,885542
668,Winnipeg,MB,,"Winnipeg, MB, Canada",49.8955367,-97.1384584,632857
669,Toronto,ON,,"Toronto, ON, Canada",43.6534817,-79.3839347,4670783
670,Owen Sound,ON,,"Owen Sound, ON, Canada",44.5668092,-80.9441252,22717
671,Toronto,ON,,"Toronto, ON, Canada",43.6534817,-79.3839347,4670783
672,Canarama,SK,,"Canarama, SK, Canada",52.1601515,-106.6448862,
673,Calgary,AB,,"Calgary, AB, Canada",51.0534234,-114.0625892,991432
674,Surrey,BC,,"Surrey, BC, Canada",49.1913033,-122.8491439,
675,,QC,,"nan, QC, Canada",52.4760892,-71.8258668,
676,Vancouver,BC,,"Vancouver, BC, Canada",49.2608724,-123.1139529,1839314
677,Richmond,BC,,"Richmond, BC, Canada",49.163168,-123.137414,
678,Calgary,AB,,"Calgary, AB, Canada",51.0534234,-114.0625892,991432
679,Montreal,QC,,"Montreal, QC, Canada",45.4972159,-73.6103642,3280123
680,Edmonton,AB,,"Edmonton, AB, Canada",53.535411,-113.507996,831979
681,Ottawa,ON,,"Ottawa, ON, Canada",45.421106,-75.690308,885542
682,Toronto,ON,,"Toronto, ON, Canada",43.6534817,-79.3839347,4670783
683,Halifax,NS,,"Halifax, NS, Canada",44.648618,-63.5859487,263547
684,,,TRUE,"nan, nan, Canada",61.0666922,-107.9917071,
685,,,TRUE,"nan, nan, Canada",61.0666922,-107.9917071,
686,Halifax,NS,,"Halifax, NS, Canada",44.648618,-63.5859487,263547
687,St. John'S,NL,,"St. John'S, NL, Canada",47.561701,-52.715149,
688,,QC,,"nan, QC, Canada",52.4760892,-71.8258668,
689,,,TRUE,"nan, nan, Canada",61.0666922,-107.9917071,
690,,,TRUE,"nan, nan, Canada",61.0666922,-107.9917071,
691,,,TRUE,"nan, nan, Canada",61.0666922,-107.9917071,
692,Toronto,ON,,"Toronto, ON, Canada",43.6534817,-79.3839347,4670783
693,Vancouver,BC,,"Vancouver, BC, Canada",49.2608724,-123.1139529,1839314
694,,QC,,"nan, QC, Canada",52.4760892,-71.8258668,
695,Surrey,BC,,"Surrey, BC, Canada",49.1913033,-122.8491439,
696,Montreal,QC,,"Montreal, QC, Canada",45.4972159,-73.6103642,3280123
697,,,TRUE,"nan, nan, Canada",61.0666922,-107.9917071,
698,Regina,SK,,"Regina, SK, Canada",50.44876,-104.61731,175727
699,,QC,,"nan, QC, Canada",52.4760892,-71.8258668,
700,,ON,,"nan, ON, Canada",50.000678,-86.000977,
701,Vancouver,BC,,"Vancouver, BC, Canada",49.2608724,-123.1139529,1839314
702,,QC,,"nan, QC, Canada",52.4760892,-71.8258668,
703,Calgary,AB,,"Calgary, AB, Canada",51.0534234,-114.0625892,991432
704,Hamilton,ON,,"Hamilton, ON, Canada",43.2560802,-79.8728583,661942
705,Montreal,QC,,"Montreal, QC, Canada",45.4972159,-73.6103642,3280123
706,Vancouver,BC,,"Vancouver, BC, Canada",49.2608724,-123.1139529,1839314
707,Winnipeg,MB,,"Winnipeg, MB, Canada",49.8955367,-97.1384584,632857
708,,BC,,"nan, BC, Canada",55.001251,-125.002441,
709,,BC,,"nan, BC, Canada",55.001251,-125.002441,
710,,NS,,"nan, NS, Canada",45.1960403,-63.1653789,
711,Mississauga,ON,,"Mississauga, ON, Canada",43.590338,-79.645729,
712,,,TRUE,"nan, nan, Canada",61.0666922,-107.9917071,
713,Montreal,QC,,"Montreal, QC, Canada",45.4972159,-73.6103642,3280123
714,Toronto,ON,,"Toronto, ON, Canada",43.6534817,-79.3839347,4670783
715,Montreal,QC,,"Montreal, QC, Canada",45.4972159,-73.6103642,3280123
716,Peel,ON,,"Peel, ON, Canada",43.745865,-79.7962296,
717,Edmonton,AB,,"Edmonton, AB, Canada",53.535411,-113.507996,831979
718,,,TRUE,"nan, nan, Canada",61.0666922,-107.9917071,
719,,,TRUE,"nan, nan, Canada",61.0666922,-107.9917071,
720,Ottawa,ON,,"Ottawa, ON, Canada",45.421106,-75.690308,885542
721,London,ON,,"London, ON, Canada",42.9836747,-81.2496068,348681
722,,NS,,"nan, NS, Canada",45.1960403,-63.1653789,
723,,,TRUE,"nan, nan, Canada",61.0666922,-107.9917071,
724,Burlington,ON,,"Burlington, ON, Canada",43.3248924,-79.7966835,
725,Hamilton,ON,,"Hamilton, ON, Canada",43.2560802,-79.8728583,661942
726,,,TRUE,"nan, nan, Canada",61.0666922,-107.9917071,
727,Norfolk,ON,,"Norfolk, ON, Canada",42.7971532,-80.4538365,
728,Toronto,ON,,"Toronto, ON, Canada",43.6534817,-79.3839347,4670783
729,Hamilton,ON,,"Hamilton, ON, Canada",43.2560802,-79.8728583,661942
730,,,TRUE,"nan, nan, Canada",61.0666922,-107.9917071,
731,,,TRUE,"nan, nan, Canada",61.0666922,-107.9917071,
732,Dartmouth,NS,,"Dartmouth, NS, Canada",44.6799707,-63.5720232,
733,Toronto,ON,,"Toronto, ON, Canada",43.6534817,-79.3839347,4670783
734,,,TRUE,"nan, nan, Canada",61.0666922,-107.9917071,
735,Toronto,ON,,"Toronto, ON, Canada",43.6534817,-79.3839347,4670783
736,,NS,,"nan, NS, Canada",45.1960403,-63.1653789,
737,Brampton,ON,,"Brampton, ON, Canada",43.6858146,-79.7599337,
738,,,TRUE,"nan, nan, Canada",61.0666922,-107.9917071,
739,,QC,,"nan, QC, Canada",52.4760892,-71.8258668,
740,Hamilton,ON,,"Hamilton, ON, Canada",43.2560802,-79.8728583,661942
741,,,TRUE,"nan, nan, Canada",61.0666922,-107.9917071,
742,London,ON,,"London, ON, Canada",42.9836747,-81.2496068,348681
743,Truro,NS,,"Truro, NS, Canada",45.366668,-63.300006,20458
744,Labrador,NL,,"Labrador, NL, Canada",55.9266344,-61.88499184,
745,,,TRUE,"nan, nan, Canada",61.0666922,-107.9917071,
746,Hamilton,ON,,"Hamilton, ON, Canada",43.2560802,-79.8728583,661942
747,,,TRUE,"nan, nan, Canada",61.0666922,-107.9917071,
748,Medicine Hat,AB,,"Medicine Hat, AB, Canada",50.04303,-110.679016,65113
749,Winnipeg,MB,,"Winnipeg, MB, Canada",49.8955367,-97.1384584,632857
750,Vancouver,BC,,"Vancouver, BC, Canada",49.2608724,-123.1139529,1839314
751,,AB,,"nan, AB, Canada",55.001251,-115.002136,
752,,BC,,"nan, BC, Canada",55.001251,-125.002441,
753,Vancouver,BC,,"Vancouver, BC, Canada",49.2608724,-123.1139529,1839314
754,Gaspé Region,QC,,"Gaspé Region, QC, Canada",45.5332587,-73.60907721,
755,Granby,QC,,"Granby, QC, Canada",45.3990409,-72.721834,54171
756,Sault Ste. Marie,ON,,"Sault Ste. Marie, ON, Canada",46.52391,-84.320068,
757,Peterborough,ON,,"Peterborough, ON, Canada",44.3048009,-78.3199496,76458
758,,,TRUE,"nan, nan, Canada",61.0666922,-107.9917071,
759,,,TRUE,"nan, nan, Canada",61.0666922,-107.9917071,
760,Regina,SK,,"Regina, SK, Canada",50.44876,-104.61731,175727
761,Athabasca,AB,,"Athabasca, AB, Canada",55.1705421,-113.996434,2569
762,Peterborough,ON,,"Peterborough, ON, Canada",44.3048009,-78.3199496,76458
763,Halifax,NS,,"Halifax, NS, Canada",44.648618,-63.5859487,263547
764,Montreal,QC,,"Montreal, QC, Canada",45.4972159,-73.6103642,3280123
765,Scarborough,ON,,"Scarborough, ON, Canada",43.773077,-79.257774,
766,,,TRUE,"nan, nan, Canada",61.0666922,-107.9917071,
767,Vancouver,BC,,"Vancouver, BC, Canada",49.2608724,-123.1139529,1839314
768,Toronto,ON,,"Toronto, ON, Canada",43.6534817,-79.3839347,4670783
769,West Vancouver,QC,,"West Vancouver, QC, Canada",45.599277,-73.4324818,
770,Ottawa,ON,,"Ottawa, ON, Canada",45.421106,-75.690308,885542
771,Halifax,NS,,"Halifax, NS, Canada",44.648618,-63.5859487,263547
772,York,ON,,"York, ON, Canada",43.6896191,-79.479188,
773,Toronto,ON,,"Toronto, ON, Canada",43.6534817,-79.3839347,4670783
774,Kemptville,ON,,"Kemptville, ON, Canada",45.0156497,-75.6445598,4283
775,Newmarket,ON,,"Newmarket, ON, Canada",44.056258,-79.461708,
776,Markham,ON,,"Markham, ON, Canada",43.854336,-79.326782,
777,Peel District,ON,,"Peel District, ON, Canada",43.745865,-79.7962296,
778,East Vancouver,BC,,"East Vancouver, BC, Canada",49.2997319,-122.5774018,
779,Victoria,BC,,"Victoria, BC, Canada",48.4283182,-123.3649533,289837
780,Toronto,ON,,"Toronto, ON, Canada",43.6534817,-79.3839347,4670783
781,Ottawa,ON,,"Ottawa, ON, Canada",45.421106,-75.690308,885542
782,Victoria,BC,,"Victoria, BC, Canada",48.4283182,-123.3649533,289837
783,New Westminster,BC,,"New Westminster, BC, Canada",49.2067726,-122.9108818,
784,Edmonton,AB,,"Edmonton, AB, Canada",53.535411,-113.507996,831979
785,Toronto,ON,,"Toronto, ON, Canada",43.6534817,-79.3839347,4670783
786,Sudbury,ON,,"Sudbury, ON, Canada",46.49272,-80.991211,111118
787,Amherst,NL,,"Amherst, NL, Canada",48.5654894,-53.2204068,
788,,ON,,"nan, ON, Canada",50.000678,-86.000977,
789,Winnipeg,MB,,"Winnipeg, MB, Canada",49.8955367,-97.1384584,632857
790,Whitby,ON,,"Whitby, ON, Canada",43.899871,-78.940201,
791,Longueuil,QC,,"Longueuil, QC, Canada",45.5172382,-73.4467466,
792,Montreal,QC,,"Montreal, QC, Canada",45.4972159,-73.6103642,3280123
793,Nanaimo,QC,,"Nanaimo, QC, Canada",46.9762152,-71.3992051,
794,,,TRUE,"nan, nan, Canada",61.0666922,-107.9917071,
795,,,TRUE,"nan, nan, Canada",61.0666922,-107.9917071,
796,Winnipeg,MB,,"Winnipeg, MB, Canada",49.8955367,-97.1384584,632857
797,Brampton,ON,,"Brampton, ON, Canada",43.6858146,-79.7599337,
798,,MB,,"nan, MB, Canada",55.001251,-97.001038,
799,Dryden,ON,,"Dryden, ON, Canada",49.785698,-92.835846,7012
800,Montreal,QC,,"Montreal, QC, Canada",45.4972159,-73.6103642,3280123
801,,ON,,"nan, ON, Canada",50.000678,-86.000977,
802,Halifax,NS,,"Halifax, NS, Canada",44.648618,-63.5859487,263547
803,Toronto,ON,,"Toronto, ON, Canada",43.6534817,-79.3839347,4670783
804,Bedford,NS,,"Bedford, NS, Canada",44.7303901,-63.6582365,
805,Prince Albert,SK,,"Prince Albert, SK, Canada",53.201097,-105.748901,34595
806,Toronto,ON,,"Toronto, ON, Canada",43.6534817,-79.3839347,4670783
807,Toronto,ON,,"Toronto, ON, Canada",43.6534817,-79.3839347,4670783
808,Toronto,ON,,"Toronto, ON, Canada",43.6534817,-79.3839347,4670783
809,Brampton,ON,,"Brampton, ON, Canada",43.6858146,-79.7599337,
810,Newmarket,ON,,"Newmarket, ON, Canada",44.056258,-79.461708,
811,Ottawa,ON,,"Ottawa, ON, Canada",45.421106,-75.690308,885542
812,,QC,,"nan, QC, Canada",52.4760892,-71.8258668,
813,Halifax,NS,,"Halifax, NS, Canada",44.648618,-63.5859487,263547
814,Wet’suwet’en,BC,,"Wet’suwet’en, BC, Canada",54.02341945,-126.6753455,
815,,AB,,"nan, AB, Canada",55.001251,-115.002136,
816,Calgary,AB,,"Calgary, AB, Canada",51.0534234,-114.0625892,991432
817,Red Deer,AB,,"Red Deer, AB, Canada",52.269838,-113.818359,75099
818,Ponoka,AB,,"Ponoka, AB, Canada",52.6794142,-113.5871706,6734
819,,,TRUE,"nan, nan, Canada",61.0666922,-107.9917071,
820,Edmonton,AB,,"Edmonton, AB, Canada",53.535411,-113.507996,831979
821,Calgary,AB,,"Calgary, AB, Canada",51.0534234,-114.0625892,991432
822,,ON,,"nan, ON, Canada",50.000678,-86.000977,
823,Prince George,BC,,"Prince George, BC, Canada",53.9128645,-122.7453699,65376
824,Ottawa,ON,,"Ottawa, ON, Canada",45.421106,-75.690308,885542
825,Windsor,ON,,"Windsor, ON, Canada",42.317099,-83.0353434,281545
826,Peel District,ON,,"Peel District, ON, Canada",43.745865,-79.7962296,
827,Peel District,ON,,"Peel District, ON, Canada",43.745865,-79.7962296,
828,Kingston,ON,,"Kingston, ON, Canada",44.230687,-76.481323,115695
829,Regina,SK,,"Regina, SK, Canada",50.44876,-104.61731,175727
830,Saskatoon,SK,,"Saskatoon, SK, Canada",52.131802,-106.660767,199523
831,Brossard,QC,,"Brossard, QC, Canada",45.4554829,-73.4678904,
832,Ottawa,ON,,"Ottawa, ON, Canada",45.421106,-75.690308,885542
833,Montreal,QC,,"Montreal, QC, Canada",45.4972159,-73.6103642,3280123
834,Ottawa,ON,,"Ottawa, ON, Canada",45.421106,-75.690308,885542
835,,,TRUE,"nan, nan, Canada",61.0666922,-107.9917071,
836,North Bay,ON,,"North Bay, ON, Canada",46.3092115,-79.4607617,49664
837,Guelph,ON,,"Guelph, ON, Canada",43.5460516,-80.2493276,117979
838,Guelph,ON,,"Guelph, ON, Canada",43.5460516,-80.2493276,117979
839,Guelph,ON,,"Guelph, ON, Canada",43.5460516,-80.2493276,117979
840,Halifax,NS,,"Halifax, NS, Canada",44.648618,-63.5859487,263547
841,Cambridge,BC,,"Cambridge, BC, Canada",43.3600536,-80.3123023,
842,Longueuil,QC,,"Longueuil, QC, Canada",45.5172382,-73.4467466,
843,Montreal,QC,,"Montreal, QC, Canada",45.4972159,-73.6103642,3280123
844,Montreal,QC,,"Montreal, QC, Canada",45.4972159,-73.6103642,3280123
845,,,TRUE,"nan, nan, Canada",61.0666922,-107.9917071,
846,Ottawa,ON,,"Ottawa, ON, Canada",45.421106,-75.690308,885542
847,Unknown,NA,,"Unknown, Canada",46.4037104,-64.1213785,
848,Unknown,NA,,"Unknown, Canada",46.4037104,-64.1213785,
849,,NS,,"nan, NS, Canada",45.1960403,-63.1653789,
850,Unknown,NA,,"Unknown, Canada",46.4037104,-64.1213785,
851,Halifax,NS,,"Halifax, NS, Canada",44.648618,-63.5859487,263547
852,Thunder Bay,ON,,"Thunder Bay, ON, Canada",48.406414,-89.259796,98237
853,,NS,,"nan, NS, Canada",45.1960403,-63.1653789,
854,,,TRUE,"nan, nan, Canada",61.0666922,-107.9917071,
855,Vancouver,BC,,"Vancouver, BC, Canada",49.2608724,-123.1139529,1839314
856,Vancouver,BC,,"Vancouver, BC, Canada",49.2608724,-123.1139529,1839314
857,Medicine Hat,AB,,"Medicine Hat, AB, Canada",50.04303,-110.679016,65113
858,Vancouver,BC,,"Vancouver, BC, Canada",49.2608724,-123.1139529,1839314
859,,,TRUE,"nan, nan, Canada",61.0666922,-107.9917071,
860,Vancouver,BC,,"Vancouver, BC, Canada",49.2608724,-123.1139529,1839314
861,Halifax,NS,,"Halifax, NS, Canada",44.648618,-63.5859487,263547
862,Toronto,ON,,"Toronto, ON, Canada",43.6534817,-79.3839347,4670783
863,Ottawa,ON,,"Ottawa, ON, Canada",45.421106,-75.690308,885542
864,,,TRUE,"nan, nan, Canada",61.0666922,-107.9917071,
865,,,TRUE,"nan, nan, Canada",61.0666922,-107.9917071,
866,Brampton,ON,,"Brampton, ON, Canada",43.6858146,-79.7599337,
867,Prince George,BC,,"Prince George, BC, Canada",53.9128645,-122.7453699,65376
868,,,TRUE,"nan, nan, Canada",61.0666922,-107.9917071,
869,Prince Albert,SK,,"Prince Albert, SK, Canada",53.201097,-105.748901,34595
870,Happy Valley-Goose Bay,NL,,"Happy Valley-Goose Bay, NL, Canada",53.2964352,-60.3111895,6034
871,Windsor,ON,,"Windsor, ON, Canada",42.317099,-83.0353434,281545
872,Ottawa,ON,,"Ottawa, ON, Canada",45.421106,-75.690308,885542
873,Cherry Brook,NS,,"Cherry Brook, NS, Canada",44.7092805,-63.4783016,
874,Winnipeg,MB,,"Winnipeg, MB, Canada",49.8955367,-97.1384584,632857
875,Calgary,AB,,"Calgary, AB, Canada",51.0534234,-114.0625892,991432
876,Toronto,ON,,"Toronto, ON, Canada",43.6534817,-79.3839347,4670783
877,,,TRUE,"nan, nan, Canada",61.0666922,-107.9917071,
878,Ottawa,ON,,"Ottawa, ON, Canada",45.421106,-75.690308,885542
879,Ottawa,ON,,"Ottawa, ON, Canada",45.421106,-75.690308,885542
880,Vancouver,BC,,"Vancouver, BC, Canada",49.2608724,-123.1139529,1839314
881,,QC,,"nan, QC, Canada",52.4760892,-71.8258668,
882,Montreal,QC,,"Montreal, QC, Canada",45.4972159,-73.6103642,3280123
883,Toronto,ON,,"Toronto, ON, Canada",43.6534817,-79.3839347,4670783
884,Montreal,QC,,"Montreal, QC, Canada",45.4972159,-73.6103642,3280123
885,Sudbury,ON,,"Sudbury, ON, Canada",46.49272,-80.991211,111118
886,,,TRUE,"nan, nan, Canada",61.0666922,-107.9917071,
887,Surrey,BC,,"Surrey, BC, Canada",49.1913033,-122.8491439,
888,Montreal,QC,,"Montreal, QC, Canada",45.4972159,-73.6103642,3280123
889,,,TRUE,"nan, nan, Canada",61.0666922,-107.9917071,
890,Wet’suwet’en,BC,,"Wet’suwet’en, BC, Canada",54.02341945,-126.6753455,
891,Cape Breton,NS,,"Cape Breton, NS, Canada",46.2950327,-60.93605535,
892,Vancouver,BC,,"Vancouver, BC, Canada",49.2608724,-123.1139529,1839314
893,Mississauga,ON,,"Mississauga, ON, Canada",43.590338,-79.645729,
894,Kingston,ON,,"Kingston, ON, Canada",44.230687,-76.481323,115695
895,Timmins,BC,,"Timmins, BC, Canada",48.477473,-81.330414,
896,,,TRUE,"nan, nan, Canada",61.0666922,-107.9917071,
897,Niagara,ON,,"Niagara, ON, Canada",43.0631891,-79.3098089,
898,Victoria,BC,,"Victoria, BC, Canada",48.4283182,-123.3649533,289837
899,Stonewall,MB,,"Stonewall, MB, Canada",50.1342275,-97.3287254,4217
900,,ON,,"nan, ON, Canada",50.000678,-86.000977,
901,Vancouver,BC,,"Vancouver, BC, Canada",49.2608724,-123.1139529,1839314
902,Vancouver,BC,,"Vancouver, BC, Canada",49.2608724,-123.1139529,1839314
903,Vancouver,BC,,"Vancouver, BC, Canada",49.2608724,-123.1139529,1839314
904,Calgary,AB,,"Calgary, AB, Canada",51.0534234,-114.0625892,991432
905,Mississauga,ON,,"Mississauga, ON, Canada",43.590338,-79.645729,
906,Brampton,ON,,"Brampton, ON, Canada",43.6858146,-79.7599337,
907,,,TRUE,"nan, nan, Canada",61.0666922,-107.9917071,
908,Penticton,BC,,"Penticton, BC, Canada",49.494891,-119.594421,38520
909,Granby,QC,,"Granby, QC, Canada",45.3990409,-72.721834,54171
910,Vancouver,BC,,"Vancouver, BC, Canada",49.2608724,-123.1139529,1839314
911,Toronto,ON,,"Toronto, ON, Canada",43.6534817,-79.3839347,4670783
912,,,TRUE,"nan, nan, Canada",61.0666922,-107.9917071,
913,Vancouver,BC,,"Vancouver, BC, Canada",49.2608724,-123.1139529,1839314
914,Ottawa,ON,,"Ottawa, ON, Canada",45.421106,-75.690308,885542
915,Brooks,AB,,"Brooks, AB, Canada",50.571027,-111.893005,13045
916,High River,AB,,"High River, AB, Canada",50.5797079,-113.8569213,9941
917,,BC,,"nan, BC, Canada",55.001251,-125.002441,
918,Vancouver,BC,,"Vancouver, BC, Canada",49.2608724,-123.1139529,1839314
919,Vancouver,BC,,"Vancouver, BC, Canada",49.2608724,-123.1139529,1839314
920,Bolton,ON,,"Bolton, ON, Canada",43.879548,-79.73826,21985
921,Calgary,AB,,"Calgary, AB, Canada",51.0534234,-114.0625892,991432
922,Calgary,AB,,"Calgary, AB, Canada",51.0534234,-114.0625892,991432
923,Toronto,ON,,"Toronto, ON, Canada",43.6534817,-79.3839347,4670783
924,Regina,SK,,"Regina, SK, Canada",50.44876,-104.61731,175727
925,Vancouver,BC,,"Vancouver, BC, Canada",49.2608724,-123.1139529,1839314
926,,,TRUE,"nan, nan, Canada",61.0666922,-107.9917071,
927,Steveston,BC,,"Steveston, BC, Canada",49.1333276,-123.1833306,
928,Vancouver,BC,,"Vancouver, BC, Canada",49.2608724,-123.1139529,1839314
929,Regina,SK,,"Regina, SK, Canada",50.44876,-104.61731,175727
930,Montreal,QC,,"Montreal, QC, Canada",45.4972159,-73.6103642,3280123
931,Ottawa,ON,,"Ottawa, ON, Canada",45.421106,-75.690308,885542
932,,,TRUE,"nan, nan, Canada",61.0666922,-107.9917071,
933,Shelburne,ON,,"Shelburne, ON, Canada",44.078473,-80.203431,4446
934,Fredericton,NB,,"Fredericton, NB, Canada",45.966425,-66.645813,51916
935,Hamilton,ON,,"Hamilton, ON, Canada",43.2560802,-79.8728583,661942
936,Saskatoon,SK,,"Saskatoon, SK, Canada",52.131802,-106.660767,199523
937,Montreal,QC,,"Montreal, QC, Canada",45.4972159,-73.6103642,3280123
938,Toronto,ON,,"Toronto, ON, Canada",43.6534817,-79.3839347,4670783
939,Yellowknife,NT,,"Yellowknife, NT, Canada",62.4710386,-114.4467513,15748
940,Burnaby,BC,,"Burnaby, BC, Canada",49.2433804,-122.9725459,
941,Mississauga,ON,,"Mississauga, ON, Canada",43.590338,-79.645729,
942,Vancouver,BC,,"Vancouver, BC, Canada",49.2608724,-123.1139529,1839314
943,Vancouver,BC,,"Vancouver, BC, Canada",49.2608724,-123.1139529,1839314
944,Edmonton,AB,,"Edmonton, AB, Canada",53.535411,-113.507996,831979
945,Calgary,AB,,"Calgary, AB, Canada",51.0534234,-114.0625892,991432
946,Vancouver,BC,,"Vancouver, BC, Canada",49.2608724,-123.1139529,1839314
947,Montreal,QC,,"Montreal, QC, Canada",45.4972159,-73.6103642,3280123
948,Montreal,QC,,"Montreal, QC, Canada",45.4972159,-73.6103642,3280123
949,Whistler,QC,,"Whistler, QC, Canada",48.6554578,-70.8821752,
950,Manitoulin Island,ON,,"Manitoulin Island, ON, Canada",45.7563115,-82.21460502,
951,Ottawa,ON,,"Ottawa, ON, Canada",45.421106,-75.690308,885542
952,Calgary,AB,,"Calgary, AB, Canada",51.0534234,-114.0625892,991432
953,Richmond,BC,,"Richmond, BC, Canada",49.163168,-123.137414,
954,Brampton,ON,,"Brampton, ON, Canada",43.6858146,-79.7599337,
955,Brampton,ON,,"Brampton, ON, Canada",43.6858146,-79.7599337,
956,Saskatoon,SK,,"Saskatoon, SK, Canada",52.131802,-106.660767,199523
957,Vancouver,BC,,"Vancouver, BC, Canada",49.2608724,-123.1139529,1839314
958,Kelowna,BC,,"Kelowna, BC, Canada",49.889326,-119.498291,129691
959,Burnaby,BC,,"Burnaby, BC, Canada",49.2433804,-122.9725459,
960,Vancouver,BC,,"Vancouver, BC, Canada",49.2608724,-123.1139529,1839314
961,,QC,,"nan, QC, Canada",52.4760892,-71.8258668,
962,,,TRUE,"nan, nan, Canada",61.0666922,-107.9917071,
963,,ON,,"nan, ON, Canada",50.000678,-86.000977,
964,,,TRUE,"nan, nan, Canada",61.0666922,-107.9917071,
965,Toronto,ON,,"Toronto, ON, Canada",43.6534817,-79.3839347,4670783
966,Newfoundland Labrador,NL,,"NL, Canada",53.8217327,-61.2295532,
967,Port Alberni,AB,,"Port Alberni, AB, Canada",49.2343668,-124.8056517,
968,Guelph,ON,,"Guelph, ON, Canada",43.5460516,-80.2493276,117979
969,Kingston,ON,,"Kingston, ON, Canada",44.230687,-76.481323,115695
970,Burnaby,BC,,"Burnaby, BC, Canada",49.2433804,-122.9725459,
971,Vancouver,BC,,"Vancouver, BC, Canada",49.2608724,-123.1139529,1839314
972,Coquitlam,BC,,"Coquitlam, BC, Canada",49.2842958,-122.793281,
973,Vancouver,BC,,"Vancouver, BC, Canada",49.2608724,-123.1139529,1839314
974,Moncton,NB,,"Moncton, NB, Canada",46.097995,-64.80011,86763
975,Winnipeg,MB,,"Winnipeg, MB, Canada",49.8955367,-97.1384584,632857
976,Innisfail,AB,,"Innisfail, AB, Canada",52.0200845,-113.9494301,
977,Waterloo,ON,,"Waterloo, ON, Canada",43.466874,-80.524635,
978,,,TRUE,"nan, nan, Canada",61.0666922,-107.9917071,
979,Peterborough,ON,,"Peterborough, ON, Canada",44.3048009,-78.3199496,76458
980,Hamilton,ON,,"Hamilton, ON, Canada",43.2560802,-79.8728583,661942
981,Vancouver,BC,,"Vancouver, BC, Canada",49.2608724,-123.1139529,1839314
982,Winnipeg,MB,,"Winnipeg, MB, Canada",49.8955367,-97.1384584,632857
983,Saanich,BC,,"Saanich, BC, Canada",48.4594315,-123.3764946,
984,Kitchener,ON,,"Kitchener, ON, Canada",43.453168,-80.494423,414309
985,Saanich,BC,,"Saanich, BC, Canada",48.4594315,-123.3764946,
986,Montreal,QC,,"Montreal, QC, Canada",45.4972159,-73.6103642,3280123
987,Toronto,ON,,"Toronto, ON, Canada",43.6534817,-79.3839347,4670783
988,Montreal,QC,,"Montreal, QC, Canada",45.4972159,-73.6103642,3280123
989,Ottawa,ON,,"Ottawa, ON, Canada",45.421106,-75.690308,885542
990,Welland,ON,,"Welland, ON, Canada",42.993097,-79.250565,
991,St. John'S,NL,,"St. John'S, NL, Canada",47.561701,-52.715149,
992,,,TRUE,"nan, nan, Canada",61.0666922,-107.9917071,
993,Saskatoon,SK,,"Saskatoon, SK, Canada",52.131802,-106.660767,199523
994,Montreal,QC,,"Montreal, QC, Canada",45.4972159,-73.6103642,3280123
995,Waterloo,ON,,"Waterloo, ON, Canada",43.466874,-80.524635,
996,,AB,,"nan, AB, Canada",55.001251,-115.002136,
997,Vancouver,BC,,"Vancouver, BC, Canada",49.2608724,-123.1139529,1839314
998,Calgary,AB,,"Calgary, AB, Canada",51.0534234,-114.0625892,991432
999,,ON,,"nan, ON, Canada",50.000678,-86.000977,
1000,Calgary,AB,,"Calgary, AB, Canada",51.0534234,-114.0625892,991432
1001,,QC,,"nan, QC, Canada",52.4760892,-71.8258668,
1002,,QC,,"nan, QC, Canada",52.4760892,-71.8258668,
1003,Saint-Eustache,QC,,"Saint-Eustache, QC, Canada",45.5646052,-73.8929714,
1004,Peel District,ON,,"Peel District, ON, Canada",43.745865,-79.7962296,
1005,Cornwall,ON,,"Cornwall, ON, Canada",45.0184417,-74.728703,48894
1006,Toronto,ON,,"Toronto, ON, Canada",43.6534817,-79.3839347,4670783
1007,Abbotsford,BC,,"Abbotsford, BC, Canada",49.0521162,-122.3294792,157795
1008,Montreal,QC,,"Montreal, QC, Canada",45.4972159,-73.6103642,3280123
1009,,BC,,"nan, BC, Canada",55.001251,-125.002441,
1010,Vancouver,BC,,"Vancouver, BC, Canada",49.2608724,-123.1139529,1839314
